Team,Position,Name,Minutes_played,Games_played,Yellow_Cards,Red_Cards,Goals_scored,Penalties_scored,Own_goals,Tackles,Shots,Assists,Passes,Goals_per_Match,Cards_per_Match,Passing_Efficiency,Set
Levante UD,Midfielder,Doukouré C.,313.0,9,1,0,0,0,0,2,1,0,109.0,0.0,0.1111111111111111,0.34824281150159747,Train
CD Leganés,Forward,Braithwaite,1.4069999999999998,19,5,0,4,0,0,0,26,5,241.0,0.21052631578947367,0.2631578947368421,171.28642501776832,Train
RC Celta,Midfielder,Emre Mor,366.0,10,1,0,0,0,0,0,6,0,83.0,0.0,0.1,0.226775956284153,Train
RC Celta,Midfielder,Jensen,235.0,6,0,0,0,0,0,0,3,0,78.0,0.0,0.0,0.33191489361702126,Train
Levante UD,Forward,Moses,779.0,19,1,0,1,0,0,1,10,1,213.0,0.05263157894736842,0.05263157894736842,0.2734274711168164,Train
Real Betis,Midfielder,Paul Akouokou,0.0,0,0,0,0,0,0,0,0,0,0.0,0.0,0.0,0.0,Train
SD Eibar,Midfielder,Orellana,2.738,33,4,0,3,1,0,0,63,5,1.164,0.09090909090909091,0.12121212121212122,0.42512783053323594,Train
Girona FC,Midfielder,Granell,2.392,32,5,0,0,0,0,5,33,4,1.306,0.0,0.15625,0.5459866220735786,Train
Athletic Club,Midfielder,De Marcos,2.426,30,4,2,1,0,0,4,7,2,1.028,0.03333333333333333,0.2,0.4237427864798021,Train
R. Valladolid CF,Midfielder,Waldo,493.0,8,1,0,1,0,0,0,11,0,130.0,0.125,0.125,0.26369168356997974,Train
Villarreal CF,Defender,Miguelón,543.0,8,1,0,0,0,0,2,2,0,163.0,0.0,0.125,0.3001841620626151,Train
Sevilla FC,Goalkeeper,Juan Soriano,359.0,4,0,1,0,0,0,0,0,0,119.0,0.0,0.25,0.33147632311977715,Train
Girona FC,Defender,Planas,418.0,7,3,0,0,0,0,0,1,1,184.0,0.0,0.42857142857142855,0.44019138755980863,Train
Athletic Club,Midfielder,Susaeta,1.38,22,2,1,1,0,0,1,11,2,524.0,0.045454545454545456,0.13636363636363635,379.71014492753625,Train
Real Betis,Defender,Bartra,2.93,33,4,0,1,0,0,21,6,0,2.266,0.030303030303030304,0.12121212121212122,0.7733788395904436,Train
Atlético de Madrid,Defender,J. M. Giménez,1.7719999999999998,21,5,0,0,0,0,14,13,0,718.0,0.0,0.23809523809523808,405.19187358916486,Train
Atlético de Madrid,Forward,Griezmann,3.202,37,5,0,15,3,0,1,86,9,1.388,0.40540540540540543,0.13513513513513514,0.4334790755777639,Train
Girona FC,Forward,Portu,2.833,34,3,0,9,1,0,1,33,2,621.0,0.2647058823529412,0.08823529411764706,219.20225908930462,Train
Atlético de Madrid,Midfielder,Rodrigo,2.742,34,5,0,3,0,0,11,25,1,1.927,0.08823529411764706,0.14705882352941177,0.7027716994894238,Train
D. Alavés,Defender,Vigaray,646.0,8,1,0,0,0,0,1,1,0,154.0,0.0,0.125,0.23839009287925697,Train
Levante UD,Defender,Postigo,1.45,21,4,1,1,0,0,12,3,1,493.0,0.047619047619047616,0.23809523809523808,340.0,Train
Valencia CF,Midfielder,Fran Navarro,0.0,0,0,0,0,0,0,0,0,0,0.0,0.0,0.0,0.0,Train
Real Sociedad,Forward,Oyarzabal,3.159,37,2,0,13,3,1,3,50,2,924.0,0.35135135135135137,0.05405405405405406,292.4976258309592,Train
Villarreal CF,Forward,Toko Ekambi,2.148,34,5,0,10,0,0,0,49,1,501.0,0.29411764705882354,0.14705882352941177,233.24022346368713,Train
Real Sociedad,Midfielder,Merino,2.06,29,8,1,3,0,0,2,20,3,1.089,0.10344827586206896,0.3103448275862069,0.5286407766990291,Train
Real Madrid,Defender,Varane,2.755,32,0,1,2,0,0,9,12,0,1.707,0.0625,0.03125,0.6196007259528131,Train
Rayo Vallecano,Defender,A. Ba,2.111,26,4,2,1,0,0,18,9,0,1.0490000000000002,0.038461538461538464,0.23076923076923078,0.4969208905731881,Train
RCD Espanyol,Midfielder,David López,1.82,21,4,0,0,0,1,12,8,0,1.207,0.0,0.19047619047619047,0.6631868131868132,Train
Sevilla FC,Forward,Munir,1.192,23,2,0,6,0,0,0,27,2,376.0,0.2608695652173913,0.08695652173913043,315.43624161073825,Train
Real Betis,Goalkeeper,Pau López,2.97,33,3,0,0,0,0,0,0,0,1.071,0.0,0.09090909090909091,0.36060606060606054,Train
R. Valladolid CF,Midfielder,Miguel De la Fuente,11.0,2,0,0,0,0,0,0,2,0,6.0,0.0,0.0,0.5454545454545454,Train
Real Sociedad,Defender,Rodrigues,483.0,7,1,0,0,0,0,3,2,0,181.0,0.0,0.14285714285714285,0.3747412008281574,Train
CD Leganés,Defender,Nyom,1.712,23,8,1,1,0,0,2,4,1,491.0,0.043478260869565216,0.391304347826087,286.79906542056074,Train
R. Valladolid CF,Goalkeeper,Yoel,270.0,3,0,0,0,0,0,0,0,0,92.0,0.0,0.0,0.34074074074074073,Train
Getafe CF,Defender,Miguel Ángel Rubio,0.0,0,0,0,0,0,0,0,0,0,0.0,0.0,0.0,0.0,Train
Getafe CF,Defender,Cabrera,2.793,32,9,1,2,0,1,16,18,0,960.0,0.0625,0.3125,343.7164339419978,Train
Levante UD,Goalkeeper,Koke,90.0,1,0,0,0,0,0,0,0,0,20.0,0.0,0.0,0.2222222222222222,Train
Getafe CF,Defender,Olivera,1.01,14,4,1,0,0,0,2,3,1,315.0,0.0,0.35714285714285715,311.8811881188119,Train
FC Barcelona,Defender,Jordi Alba,2.988,36,6,0,2,0,0,6,9,8,2.36,0.05555555555555555,0.16666666666666666,0.789825970548862,Train
Real Sociedad,Defender,Llorente R.,1.755,21,5,0,0,0,1,15,6,0,1.098,0.0,0.23809523809523808,0.6256410256410257,Train
Real Madrid,Midfielder,Valverde,651.0,16,4,0,0,0,0,2,4,0,373.0,0.0,0.25,0.5729646697388633,Train
Sevilla FC,Forward,Nolito,73.0,4,0,0,0,0,0,0,2,0,27.0,0.0,0.0,0.3698630136986301,Train
Villarreal CF,Midfielder,Bruno,0.0,0,0,0,0,0,0,0,0,0,0.0,0.0,0.0,0.0,Train
Real Madrid,Midfielder,Kroos,2.227,28,2,0,0,0,0,4,20,4,2.072,0.0,0.07142857142857142,0.9303996407723396,Train
Villarreal CF,Goalkeeper,Barbosa,0.0,0,0,0,0,0,0,0,0,0,0.0,0.0,0.0,0.0,Train
Valencia CF,Defender,Gabriel Paulista,2.625,30,6,0,0,0,0,21,8,1,1.298,0.0,0.2,0.4944761904761905,Train
SD Huesca,Defender,Insua,779.0,10,4,0,0,0,0,0,2,0,246.0,0.0,0.4,0.3157894736842105,Train
Real Sociedad,Forward,Juanmi,1.52,30,3,1,5,0,0,0,35,2,359.0,0.16666666666666666,0.13333333333333333,236.18421052631578,Train
FC Barcelona,Forward,Kevin-Prince Boateng,240.0,3,1,0,0,0,0,0,3,0,60.0,0.0,0.3333333333333333,0.25,Train
RC Celta,Defender,Wesley Hoedt,893.0,10,1,1,0,0,0,11,3,0,489.0,0.0,0.2,0.5475923852183651,Train
Real Sociedad,Goalkeeper,Gero Rulli,2.43,27,3,0,0,0,0,0,0,0,983.0,0.0,0.1111111111111111,404.5267489711934,Train
Valencia CF,Goalkeeper,Domenech,360.0,4,0,0,0,0,0,0,0,0,73.0,0.0,0.0,0.20277777777777778,Train
Athletic Club,Midfielder,Ibai,2.033,32,0,0,3,0,0,1,35,4,717.0,0.09375,0.0,352.680767338908,Train
Sevilla FC,Midfielder,Aleix Vidal,526.0,11,3,0,0,0,0,0,7,0,251.0,0.0,0.2727272727272727,0.47718631178707227,Train
Atlético de Madrid,Forward,Correa,1.92,36,7,1,3,0,0,5,21,2,714.0,0.08333333333333333,0.2222222222222222,371.875,Train
RC Celta,Midfielder,Boudebouz,1.26,20,3,1,1,0,0,2,19,2,660.0,0.05,0.2,523.8095238095239,Train
RC Celta,Defender,David Costas,1.173,15,4,0,0,0,0,6,2,0,682.0,0.0,0.26666666666666666,581.4151747655584,Train
Real Madrid,Midfielder,Isco,1.186,27,3,0,3,0,0,1,16,2,928.0,0.1111111111111111,0.1111111111111111,782.4620573355818,Train
Rayo Vallecano,Midfielder,Ángel Algobia,0.0,0,0,0,0,0,0,0,0,0,0.0,0.0,0.0,0.0,Train
Rayo Vallecano,Midfielder,Santi Comesaña,2.032,25,6,0,1,0,0,5,6,1,1.067,0.04,0.24,0.5250984251968503,Train
Sevilla FC,Midfielder,Marko Rog,354.0,10,5,0,0,0,0,0,1,0,206.0,0.0,0.5,0.5819209039548022,Train
Real Sociedad,Defender,Raúl Navas,1.311,16,4,0,0,0,0,9,2,0,864.0,0.0,0.25,659.0389016018307,Train
Athletic Club,Forward,Kenan Kodro,151.0,11,0,0,1,0,0,0,3,0,46.0,0.09090909090909091,0.0,0.304635761589404,Train
Real Madrid,Defender,Francisco Garcia,0.0,0,0,0,0,0,0,0,0,0,0.0,0.0,0.0,0.0,Train
RC Celta,Midfielder,F. Beltrán,1.5119999999999998,30,3,0,1,0,0,2,12,0,859.0,0.03333333333333333,0.1,568.1216931216932,Train
RCD Espanyol,Defender,Javi López,1.947,23,3,1,0,0,0,5,5,0,850.0,0.0,0.17391304347826086,436.56908063687723,Train
Atlético de Madrid,Defender,Manuel Sánchez,0.0,0,0,0,0,0,0,0,0,0,0.0,0.0,0.0,0.0,Train
Real Betis,Midfielder,Diego Lainez,348.0,12,2,0,0,0,0,0,4,1,123.0,0.0,0.16666666666666666,0.35344827586206895,Train
Sevilla FC,Defender,Sergi Gómez,2.766,32,1,0,0,0,0,20,6,0,1.457,0.0,0.03125,0.5267534345625452,Train
Rayo Vallecano,Defender,Luis Meseguer,0.0,0,0,0,0,0,0,0,0,0,0.0,0.0,0.0,0.0,Train
Real Madrid,Forward,Bale,1.7919999999999998,29,4,0,8,1,0,3,67,3,690.0,0.27586206896551724,0.13793103448275862,385.0446428571429,Train
Real Madrid,Midfielder,Asensio,1.778,30,3,0,1,0,0,1,33,4,912.0,0.03333333333333333,0.1,512.9358830146232,Train
Getafe CF,Midfielder,M. Bergara,50.0,3,0,0,0,0,0,0,0,0,17.0,0.0,0.0,0.34,Train
FC Barcelona,Defender,Umtiti,1.19,14,4,0,0,0,0,8,1,1,888.0,0.0,0.2857142857142857,746.2184873949581,Train
SD Huesca,Midfielder,Javi Galán,1.44,16,7,0,0,0,0,1,2,2,396.0,0.0,0.4375,275.0,Train
Real Madrid,Midfielder,Casemiro,2.316,29,5,1,3,0,0,12,29,0,1.618,0.10344827586206896,0.20689655172413793,0.6986183074265977,Train
Girona FC,Defender,Raúl C.,1.234,15,2,0,0,0,0,6,4,1,424.0,0.0,0.13333333333333333,343.59805510534846,Train
Atlético de Madrid,Goalkeeper,Oblak ,3.33,37,0,0,0,0,0,0,0,0,759.0,0.0,0.0,227.92792792792793,Train
D. Alavés,Forward,Burgui,547.0,16,1,0,1,0,0,0,7,0,197.0,0.0625,0.0625,0.360146252285192,Train
Levante UD,Midfielder,Rochina,1.812,27,9,2,4,0,0,0,30,5,941.0,0.14814814814814814,0.4074074074074074,519.3156732891832,Train
Girona FC,Defender,Aday Benítez,647.0,10,2,0,0,0,0,0,5,2,219.0,0.0,0.2,0.3384853168469861,Train
SD Huesca,Forward,Chimy Ávila,1.993,34,9,1,10,1,0,2,66,2,523.0,0.29411764705882354,0.29411764705882354,262.4184646261917,Train
Villarreal CF,Midfielder,Manuel Morlanes,611.0,10,2,0,0,0,0,3,2,3,320.0,0.0,0.2,0.5237315875613748,Train
Atlético de Madrid,Forward,Lemar,1.827,31,4,0,3,0,0,1,19,3,938.0,0.0967741935483871,0.12903225806451613,513.4099616858238,Train
Villarreal CF,Defender,Álvaro ,2.965,33,13,2,1,0,0,24,13,2,1.496,0.030303030303030304,0.45454545454545453,0.5045531197301856,Train
Athletic Club,Forward,Gorka Guruzeta,45.0,6,0,0,0,0,0,0,1,0,9.0,0.0,0.0,0.2,Train
Athletic Club,Midfielder,Mikel Rico,243.0,4,0,0,0,0,0,2,3,0,94.0,0.0,0.0,0.3868312757201646,Train
Real Sociedad,Midfielder,R. Pardo,1.3730000000000002,24,3,0,1,0,0,6,11,2,805.0,0.041666666666666664,0.125,586.3073561544063,Train
CD Leganés,Defender,Bustinza M.,2.029,25,9,1,0,0,0,14,6,1,866.0,0.0,0.4,426.81123706259245,Train
SD Eibar,Defender,Arbilla,1.95,25,3,1,1,0,0,5,11,2,1.116,0.04,0.16,0.5723076923076924,Train
RC Celta,Goalkeeper,Sergio A.,1.17,13,1,0,0,0,0,0,0,0,411.0,0.0,0.07692307692307693,351.2820512820513,Train
Sevilla FC,Defender,Arana,633.0,9,3,0,0,0,0,3,4,0,220.0,0.0,0.3333333333333333,0.34755134281200634,Train
Valencia CF,Midfielder,Carlos Soler,2.466,31,9,0,2,0,1,6,29,6,902.0,0.06451612903225806,0.2903225806451613,365.7745336577453,Train
SD Huesca,Defender,J. Pulido,2.7880000000000003,32,8,2,3,0,1,18,17,3,921.0,0.09375,0.3125,330.3443328550932,Train
Valencia CF,Forward,Sobrino,1.155,24,3,0,3,0,0,2,19,1,281.0,0.125,0.125,243.2900432900433,Train
D. Alavés,Defender,R. Duarte,2.775,33,10,1,0,0,0,12,19,0,920.0,0.0,0.3333333333333333,331.5315315315315,Train
Girona FC,Midfielder,Paik,58.0,3,0,0,0,0,0,0,0,0,20.0,0.0,0.0,0.3448275862068966,Train
RCD Espanyol,Midfielder,S. Darder,2.717,34,6,1,4,0,0,3,42,2,1.235,0.11764705882352941,0.20588235294117646,0.4545454545454546,Train
D. Alavés,Goalkeeper,Álex Domínguez,0.0,0,0,0,0,0,0,0,0,0,0.0,0.0,0.0,0.0,Train
Athletic Club,Midfielder,Iñigo Vicente,0.0,0,0,0,0,0,0,0,0,0,0.0,0.0,0.0,0.0,Train
Real Madrid,Defender,Carvajal,2.106,24,10,0,1,0,0,7,8,2,1.55,0.041666666666666664,0.4166666666666667,0.7359924026590694,Train
RC Celta,Forward,Iago Aspas,2.258,27,5,0,20,5,0,0,54,6,868.0,0.7407407407407407,0.18518518518518517,384.41098317094776,Train
RC Celta,Midfielder,Radoja,0.0,0,0,0,0,0,0,0,0,0,0.0,0.0,0.0,0.0,Train
Athletic Club,Defender,I. Martínez,2.903,33,12,0,0,0,0,14,21,0,1.44,0.0,0.36363636363636365,0.496038580778505,Train
FC Barcelona,Goalkeeper,Ter Stegen,3.15,35,0,0,0,0,0,0,0,0,886.0,0.0,0.0,281.26984126984127,Train
Atlético de Madrid,Midfielder,Saúl,2.925,33,10,0,4,0,1,10,40,1,1.483,0.12121212121212122,0.30303030303030304,0.507008547008547,Train
RCD Espanyol,Midfielder,Alfa Semedo,42.0,3,1,0,0,0,0,1,2,0,21.0,0.0,0.3333333333333333,0.5,Train
RCD Espanyol,Forward,Borja Iglesias,3.0810000000000004,37,5,0,17,3,0,6,72,3,674.0,0.4594594594594595,0.13513513513513514,218.7601428107757,Train
RCD Espanyol,Midfielder,Melendo,2.002,32,3,0,0,0,0,1,5,5,868.0,0.0,0.09375,433.5664335664336,Train
Athletic Club,Midfielder,Dani García,2.482,29,13,0,0,0,0,8,1,0,1.396,0.0,0.4482758620689655,0.5624496373892022,Train
Atlético de Madrid,Midfielder,Mikel Carro,0.0,0,0,0,0,0,0,0,0,0,0.0,0.0,0.0,0.0,Train
R. Valladolid CF,Defender,Roberto Corral,0.0,0,0,0,0,0,0,0,0,0,0.0,0.0,0.0,0.0,Train
Real Sociedad,Midfielder,Roberto López,28.0,1,0,0,0,0,0,0,0,0,3.0,0.0,0.0,0.10714285714285714,Train
Athletic Club,Goalkeeper,Unai Simón,630.0,7,2,0,0,0,0,0,0,0,155.0,0.0,0.2857142857142857,0.24603174603174602,Train
Rayo Vallecano,Forward,Embarba,2.289,36,3,1,5,3,0,2,36,6,583.0,0.1388888888888889,0.1111111111111111,254.696373962429,Train
Real Sociedad,Forward,Bautista,587.0,18,1,0,1,0,0,1,17,0,136.0,0.05555555555555555,0.05555555555555555,0.23168654173764908,Train
Atlético de Madrid,Forward,Vitolo,744.0,20,1,0,0,0,0,1,4,1,308.0,0.0,0.05,0.41397849462365593,Train
Levante UD,Goalkeeper,Oier,1.89,21,1,0,0,0,0,0,0,0,478.0,0.0,0.047619047619047616,252.9100529100529,Train
RCD Espanyol,Midfielder,Granero,2.019,28,10,0,3,0,0,8,18,1,1.12,0.10714285714285714,0.35714285714285715,0.5547300643883111,Train
Villarreal CF,Defender,Funes Mori,2.628,31,14,0,2,0,1,24,15,1,1.212,0.06451612903225806,0.45161290322580644,0.4611872146118721,Train
D. Alavés,Forward,Rolan,507.0,15,1,0,0,0,0,0,8,0,166.0,0.0,0.06666666666666667,0.32741617357001973,Train
Real Madrid,Defender,Nacho,1.7009999999999998,20,6,1,0,0,0,7,5,1,987.0,0.0,0.35,580.246913580247,Train
Sevilla FC,Defender,Mercado,1.737,23,10,0,2,0,0,12,11,1,744.0,0.08695652173913043,0.43478260869565216,428.32469775474954,Train
Atlético de Madrid,Goalkeeper,Alex Dos Santos,0.0,0,0,0,0,0,0,0,0,0,0.0,0.0,0.0,0.0,Train
Valencia CF,Midfielder,Chéryshev,1.709,27,2,0,2,0,0,3,23,2,606.0,0.07407407407407407,0.07407407407407407,354.5933294324166,Train
R. Valladolid CF,Defender,K. Olivas,3.102,35,6,0,0,0,0,18,5,0,1.349,0.0,0.17142857142857143,0.4348807221147647,Train
RCD Espanyol,Defender,Lluís López,520.0,6,0,0,0,0,0,2,1,0,244.0,0.0,0.0,0.46923076923076923,Train
Athletic Club,Forward,Williams,3.036,38,3,0,13,0,0,1,56,4,686.0,0.34210526315789475,0.07894736842105263,225.95520421607378,Train
Athletic Club,Defender,San José,1.716,33,7,0,0,0,0,6,11,0,707.0,0.0,0.21212121212121213,412.004662004662,Train
Girona FC,Midfielder,Yhoan Andzouana,0.0,0,0,0,0,0,0,0,0,0,0.0,0.0,0.0,0.0,Train
Atlético de Madrid,Midfielder,Victor Mollejo,62.0,4,0,0,0,0,0,0,1,0,23.0,0.0,0.0,0.3709677419354839,Train
D. Alavés,Midfielder,Paulino De la Fuente,0.0,0,0,0,0,0,0,0,0,0,0.0,0.0,0.0,0.0,Train
R. Valladolid CF,Defender,Nacho,3.15,35,10,0,1,0,0,10,12,3,1.378,0.02857142857142857,0.2857142857142857,0.43746031746031744,Train
Atlético de Madrid,Defender,Juanfran,1.609,22,7,0,0,0,0,5,0,2,770.0,0.0,0.3181818181818182,478.5581106277191,Train
Getafe CF,Midfielder,Samu Sáiz,299.0,10,2,0,1,0,0,0,6,0,132.0,0.1,0.2,0.4414715719063545,Train
R. Valladolid CF,Midfielder,Óscar Plano,2.696,33,8,0,3,0,0,3,37,4,771.0,0.09090909090909091,0.24242424242424243,285.9792284866469,Train
Villarreal CF,Goalkeeper,Andrés Fdez,540.0,6,2,0,0,0,0,0,0,0,171.0,0.0,0.3333333333333333,0.31666666666666665,Train
FC Barcelona,Goalkeeper,Iñaki Peña,0.0,0,0,0,0,0,0,0,0,0,0.0,0.0,0.0,0.0,Train
Real Sociedad,Midfielder,Näis Djouahra,0.0,0,0,0,0,0,0,0,0,0,0.0,0.0,0.0,0.0,Train
D. Alavés,Forward,Borja,1.449,27,4,0,5,0,0,5,30,1,314.0,0.18518518518518517,0.14814814814814814,216.70117322291233,Train
Real Betis,Midfielder,William Carvalho,2.386,30,7,0,0,0,0,0,8,5,1.904,0.0,0.23333333333333334,0.7979882648784576,Train
Levante UD,Defender,Rubén Vezo,1.534,19,6,0,2,0,0,21,6,1,583.0,0.10526315789473684,0.3157894736842105,380.05215123859193,Train
Girona FC,Defender,Juanpe,2.769,33,8,0,0,0,0,15,18,0,1.548,0.0,0.24242424242424243,0.5590465872156013,Train
Sevilla FC,Forward,André Silva,2.1630000000000003,27,4,0,9,0,0,1,48,0,538.0,0.3333333333333333,0.14814814814814814,248.72861766065645,Train
RC Celta,Midfielder,Lobotka,2.4930000000000003,31,1,0,0,0,0,1,5,1,1.404,0.0,0.03225806451612903,0.5631768953068591,Train
Girona FC,Forward,Doumbia,535.0,17,2,0,2,0,0,0,13,0,70.0,0.11764705882352941,0.11764705882352941,0.1308411214953271,Train
Villarreal CF,Forward,Bacca,1.259,33,3,0,6,1,0,0,22,1,270.0,0.18181818181818182,0.09090909090909091,214.45591739475776,Train
CD Leganés,Defender,Diego Reyes,319.0,6,1,0,0,0,0,4,0,0,168.0,0.0,0.16666666666666666,0.5266457680250783,Train
Rayo Vallecano,Midfielder,Pozo,1.612,29,4,0,3,0,0,1,17,0,707.0,0.10344827586206896,0.13793103448275862,438.5856079404466,Train
Girona FC,Goalkeeper,Bono,2.862,32,2,0,0,0,1,0,1,0,849.0,0.0,0.0625,296.64570230607967,Train
Real Betis,Midfielder,Kaptoum,776.0,10,2,0,0,0,0,1,2,0,324.0,0.0,0.2,0.4175257731958763,Train
Valencia CF,Goalkeeper,Neto,3.06,34,2,0,0,0,0,0,0,0,691.0,0.0,0.058823529411764705,225.81699346405227,Train
Girona FC,Forward,Lozano,725.0,20,4,1,0,0,0,1,19,0,180.0,0.0,0.25,0.2482758620689655,Train
Getafe CF,Defender,Foulquier,1.809,25,7,0,3,0,0,2,9,2,398.0,0.12,0.28,220.01105583195135,Train
Rayo Vallecano,Forward,Lass B.,0.0,0,0,0,0,0,0,0,0,0,0.0,0.0,0.0,0.0,Train
RC Celta,Defender,Araújo,2.682,32,1,1,3,0,0,21,11,0,1.491,0.09375,0.0625,0.5559284116331097,Train
Sevilla FC,Midfielder,Vázquez,2.287,34,8,1,3,0,0,2,33,4,1.068,0.08823529411764706,0.2647058823529412,0.4669873196327066,Train
RC Celta,Defender,Lucas Olaza,898.0,10,2,0,0,0,0,6,0,2,372.0,0.0,0.2,0.4142538975501114,Train
D. Alavés,Midfielder,Inui,1.211,20,0,0,2,0,0,0,18,0,347.0,0.1,0.0,286.5400495458299,Train
RCD Espanyol,Forward,Piatti,734.0,20,0,0,1,0,0,0,11,0,233.0,0.05,0.0,0.31743869209809267,Train
CD Leganés,Defender,K. Omeruo,2.434,28,7,0,0,0,0,11,2,0,963.0,0.0,0.25,395.64502875924404,Train
Real Betis,Midfielder,Jaime Garijo,0.0,0,0,0,0,0,0,0,0,0,0.0,0.0,0.0,0.0,Train
Villarreal CF,Defender,Mario Gaspar,2.6010000000000004,31,15,1,1,0,0,11,16,2,1.053,0.03225806451612903,0.5161290322580645,0.4048442906574394,Train
FC Barcelona,Defender,Jeison Murillo,202.0,3,0,0,0,0,0,0,1,0,142.0,0.0,0.0,0.7029702970297029,Train
Real Madrid,Defender,Javi Sánchez,45.0,1,1,0,0,0,0,0,0,0,8.0,0.0,1.0,0.17777777777777778,Train
Sevilla FC,Goalkeeper,Tomáš Vaclík,2.97,33,1,0,0,0,0,0,0,0,813.0,0.0,0.030303030303030304,273.73737373737373,Train
SD Eibar,Goalkeeper,Dmitrović,2.16,24,3,0,0,0,0,0,0,0,692.0,0.0,0.125,320.3703703703703,Train
SD Huesca,Midfielder,Camacho,34.0,3,0,0,0,0,0,0,3,0,22.0,0.0,0.0,0.6470588235294118,Train
RC Celta,Midfielder,Boufal,2.097,35,6,0,3,0,0,0,32,3,801.0,0.08571428571428572,0.17142857142857143,381.9742489270386,Train
Real Betis,Defender,Francis G.,1.79,22,1,0,0,0,0,1,6,1,783.0,0.0,0.045454545454545456,437.4301675977654,Train
Real Betis,Defender,Mandi,3.06,35,10,0,1,0,0,23,6,1,2.577,0.02857142857142857,0.2857142857142857,0.842156862745098,Train
SD Eibar,Forward,Sergi Enrich,2.592,35,4,0,7,0,0,1,57,4,925.0,0.2,0.11428571428571428,356.86728395061726,Train
RCD Espanyol,Midfielder,Víctor S.,1.257,24,9,0,0,0,0,2,9,2,533.0,0.0,0.375,424.0254574383453,Train
Atlético de Madrid,Defender,Nehuen Pérez,0.0,0,0,0,0,0,0,0,0,0,0.0,0.0,0.0,0.0,Train
FC Barcelona,Forward,O. Dembélé,1.671,29,1,0,8,0,0,0,33,5,910.0,0.27586206896551724,0.034482758620689655,544.5840813883901,Train
Rayo Vallecano,Goalkeeper,Miguel Ángel Morro,0.0,0,0,0,0,0,0,0,0,0,0.0,0.0,0.0,0.0,Train
RCD Espanyol,Forward,Hernán Pérez,797.0,19,1,0,1,0,0,3,11,2,222.0,0.05263157894736842,0.05263157894736842,0.27854454203262236,Train
Atlético de Madrid,Forward,Morata,1.089,15,5,0,6,0,0,0,24,1,256.0,0.4,0.3333333333333333,235.07805325987144,Train
D. Alavés,Forward,Guidetti,621.0,22,2,0,2,0,0,0,9,1,143.0,0.09090909090909091,0.09090909090909091,0.23027375201288244,Train
RCD Espanyol,Goalkeeper,Diego López,3.42,38,2,0,0,0,0,0,0,0,1.068,0.0,0.05263157894736842,0.312280701754386,Train
SD Huesca,Forward,Enric Gallego,1.541,19,4,0,5,0,0,2,28,1,374.0,0.2631578947368421,0.21052631578947367,242.6995457495133,Train
Rayo Vallecano,Defender,Gálvez,1.418,17,6,0,1,0,0,2,6,0,686.0,0.058823529411764705,0.35294117647058826,483.7799717912553,Train
Real Sociedad,Midfielder,Zourdine Thior,0.0,0,0,0,0,0,0,0,0,0,0.0,0.0,0.0,0.0,Train
Getafe CF,Defender,Miquel,317.0,7,1,0,0,0,0,4,0,0,91.0,0.0,0.14285714285714285,0.2870662460567823,Train
Rayo Vallecano,Midfielder,Uche,372.0,6,2,0,0,0,0,1,1,0,202.0,0.0,0.3333333333333333,0.543010752688172,Train
SD Eibar,Midfielder,Miguel Marí,67.0,2,0,0,0,0,0,0,1,0,40.0,0.0,0.0,0.5970149253731343,Train
Atlético de Madrid,Defender,L. Hernández,1.118,14,5,0,1,0,0,9,4,0,509.0,0.07142857142857142,0.35714285714285715,455.2772808586762,Train
Real Madrid,Goalkeeper,Courtois,2.43,27,2,0,0,0,0,0,1,0,672.0,0.0,0.07407407407407407,276.5432098765432,Train
Levante UD,Defender,Jordi,0.0,0,0,0,0,0,0,0,0,0,0.0,0.0,0.0,0.0,Train
RC Celta,Midfielder,B. Méndez,2.351,31,5,0,6,1,0,3,47,7,1.113,0.1935483870967742,0.16129032258064516,0.4734155678434709,Train
Getafe CF,Defender,Antunes,2.182,28,5,0,1,0,0,7,23,3,789.0,0.03571428571428571,0.17857142857142858,361.5948670944088,Train
Valencia CF,Forward,Rodrigo,2.5340000000000003,33,3,1,8,0,0,1,69,6,829.0,0.24242424242424243,0.12121212121212122,327.1507498026835,Train
Getafe CF,Defender,Bruno,1.6969999999999998,23,5,1,0,0,0,6,5,1,500.0,0.0,0.2608695652173913,294.63759575721866,Train
Real Betis,Midfielder,Robert,0.0,0,0,0,0,0,0,0,0,0,0.0,0.0,0.0,0.0,Train
RCD Espanyol,Forward,Puado,348.0,15,0,0,0,0,0,1,7,0,89.0,0.0,0.0,0.2557471264367816,Train
FC Barcelona,Defender,Clement Lenglet,1.935,23,8,1,1,0,1,20,5,0,1.145,0.043478260869565216,0.391304347826087,0.5917312661498708,Train
SD Eibar,Defender,Bigas,584.0,10,1,0,0,0,0,2,3,1,296.0,0.0,0.1,0.5068493150684932,Train
D. Alavés,Defender,Laguardia,3.24,36,12,0,1,0,1,19,16,2,1.267,0.027777777777777776,0.3333333333333333,0.39104938271604933,Train
Getafe CF,Goalkeeper,David Soria,3.33,37,0,0,0,0,0,0,0,0,1.037,0.0,0.0,0.3114114114114114,Train
R. Valladolid CF,Midfielder,Rubén Alcaraz,2.978,34,13,0,3,0,0,10,34,2,1.712,0.08823529411764706,0.38235294117647056,0.5748824714573538,Train
RCD Espanyol,Midfielder,Facundo Ferreyra,204.0,9,2,0,1,0,0,0,2,0,49.0,0.1111111111111111,0.2222222222222222,0.24019607843137256,Train
D. Alavés,Defender,Maripán,2.008,23,5,0,2,0,0,19,11,2,708.0,0.08695652173913043,0.21739130434782608,352.58964143426294,Train
SD Huesca,Defender,Miramón,2.496,30,5,0,1,0,0,11,7,0,983.0,0.03333333333333333,0.16666666666666666,393.83012820512823,Train
RC Celta,Defender,Vázquez,218.0,4,0,0,0,0,0,3,0,0,92.0,0.0,0.0,0.42201834862385323,Train
Villarreal CF,Defender,J. Costa,1.4980000000000002,21,6,0,1,0,1,3,9,0,778.0,0.047619047619047616,0.2857142857142857,519.3591455273697,Train
FC Barcelona,Defender,Todibo,158.0,2,2,0,0,0,0,0,0,0,118.0,0.0,1.0,0.7468354430379747,Train
Girona FC,Midfielder,Pere Pons,2.7960000000000003,34,4,0,1,0,0,12,17,2,1.1840000000000002,0.029411764705882353,0.11764705882352941,0.4234620886981402,Train
Levante UD,Defender,Coke,1.815,27,2,1,4,0,0,9,11,0,746.0,0.14814814814814814,0.1111111111111111,411.0192837465565,Train
R. Valladolid CF,Midfielder,Hacen,2.0,1,0,0,0,0,0,0,0,0,2.0,0.0,0.0,1.0,Train
Real Sociedad,Midfielder,Ander Barrenetxea,398.0,9,0,0,1,0,0,0,3,0,105.0,0.1111111111111111,0.0,0.2638190954773869,Train
Real Betis,Defender,Edgar González,0.0,0,0,0,0,0,0,0,0,0,0.0,0.0,0.0,0.0,Train
Real Sociedad,Midfielder,Zubeldia,2.551,33,7,0,0,0,0,6,10,1,1.2,0.0,0.21212121212121213,0.4704037632301058,Train
Sevilla FC,Defender,Escudero,1.5490000000000002,21,6,1,0,0,0,4,18,1,744.0,0.0,0.3333333333333333,480.30987734021943,Train
SD Huesca,Midfielder,Aguilera,347.0,6,0,0,0,0,0,2,3,0,184.0,0.0,0.0,0.5302593659942363,Train
RCD Espanyol,Forward,S. García,1.487,29,3,0,2,0,0,1,28,1,439.0,0.06896551724137931,0.10344827586206896,295.2252858103564,Train
FC Barcelona,Defender,S. Roberto,2.088,29,3,0,0,0,0,3,9,7,1.622,0.0,0.10344827586206896,0.7768199233716475,Train
Real Betis,Midfielder,Joaquín,1.694,30,5,0,6,0,0,2,18,0,846.0,0.2,0.16666666666666666,499.4096812278631,Train
R. Valladolid CF,Defender,Joaquín,836.0,13,2,0,1,0,1,7,7,0,308.0,0.07692307692307693,0.15384615384615385,0.3684210526315789,Train
Sevilla FC,Midfielder,Banega,2.676,32,15,2,3,2,0,5,19,4,2.091,0.09375,0.53125,0.781390134529148,Train
Levante UD,Forward,Roger,1.894,31,4,0,13,2,0,1,56,0,347.0,0.41935483870967744,0.12903225806451613,183.2101372756072,Train
FC Barcelona,Defender,Guillem Jaime,0.0,0,0,0,0,0,0,0,0,0,0.0,0.0,0.0,0.0,Train
Sevilla FC,Midfielder,Gonalons,536.0,10,0,0,0,0,0,4,1,0,333.0,0.0,0.0,0.621268656716418,Train
SD Huesca,Midfielder,Ferreiro,2.276,35,5,0,1,0,0,1,22,3,739.0,0.02857142857142857,0.14285714285714285,324.69244288224957,Train
Valencia CF,Forward,Ferrán,843.0,24,5,0,2,0,0,1,14,1,292.0,0.08333333333333333,0.20833333333333334,0.34638196915776986,Train
Sevilla FC,Goalkeeper,Javier Díaz,90.0,1,0,0,0,0,0,0,0,0,21.0,0.0,0.0,0.23333333333333334,Train
Villarreal CF,Midfielder,Iborra,1.6669999999999998,19,7,0,3,0,0,7,16,1,791.0,0.15789473684210525,0.3684210526315789,474.505098980204,Train
SD Eibar,Midfielder,P. Diop,2.356,28,11,0,1,0,0,1,30,1,1.129,0.03571428571428571,0.39285714285714285,0.4792020373514432,Train
SD Eibar,Forward,Charles L.,1.734,34,4,0,14,6,0,1,57,1,545.0,0.4117647058823529,0.11764705882352941,314.30219146482125,Train
RC Celta,Defender,G. Cabral,1.897,24,2,2,0,0,1,11,10,0,908.0,0.0,0.16666666666666666,478.65050079072216,Train
SD Eibar,Goalkeeper,Riesgo,1.26,14,1,0,0,0,0,0,0,0,347.0,0.0,0.07142857142857142,275.3968253968254,Train
Real Sociedad,Goalkeeper,Andoni Zubiaurre,0.0,0,0,0,0,0,0,0,0,0,0.0,0.0,0.0,0.0,Train
Real Betis,Midfielder,Giovani Lo Celso,2.4,32,5,0,9,2,0,1,44,4,1.4240000000000002,0.28125,0.15625,0.5933333333333334,Train
D. Alavés,Forward,Calleri,2.8760000000000003,34,6,0,9,2,0,7,59,2,689.0,0.2647058823529412,0.17647058823529413,239.56884561891513,Train
Girona FC,Midfielder,Kevin Soni,78.0,5,1,0,0,0,0,0,3,0,22.0,0.0,0.2,0.28205128205128205,Train
Real Betis,Midfielder,Diego Altamirano,0.0,0,0,0,0,0,0,0,0,0,0.0,0.0,0.0,0.0,Train
Real Sociedad,Midfielder,Ander Guevara,90.0,1,0,0,0,0,0,0,3,0,42.0,0.0,0.0,0.4666666666666667,Train
Real Madrid,Forward,L. Vázquez,1.501,31,4,1,1,0,0,1,18,3,875.0,0.03225806451612903,0.16129032258064516,582.9447035309794,Train
RCD Espanyol,Defender,Roberto Rosales ,1.751,21,2,0,3,0,0,7,17,1,913.0,0.14285714285714285,0.09523809523809523,521.4163335237008,Train
Getafe CF,Defender,Damián Suárez,3.24,36,12,0,0,0,0,6,9,3,1.3230000000000002,0.0,0.3333333333333333,0.4083333333333334,Train
Real Sociedad,Midfielder,Martín Zubimendi,6.0,1,0,0,0,0,0,0,0,0,4.0,0.0,0.0,0.6666666666666666,Train
R. Valladolid CF,Midfielder,Hervías,341.0,6,1,0,0,0,0,0,6,1,99.0,0.0,0.16666666666666666,0.2903225806451613,Train
RC Celta,Forward,M. Gómez,2.9610000000000003,35,4,1,13,1,0,0,62,5,673.0,0.37142857142857144,0.14285714285714285,227.28807835190813,Train
Real Betis,Forward,Jesé,782.0,14,2,0,2,0,0,0,15,0,193.0,0.14285714285714285,0.14285714285714285,0.24680306905370844,Train
Getafe CF,Forward,Ángel ,1.82,37,4,0,8,0,0,1,50,3,317.0,0.21621621621621623,0.10810810810810811,174.17582417582418,Train
RCD Espanyol,Defender,Hermoso,2.806,32,7,0,3,0,0,25,21,0,1.61,0.09375,0.21875,0.5737704918032787,Train
FC Barcelona,Midfielder,Vidal,1.927,33,7,0,3,0,0,5,20,7,1.499,0.09090909090909091,0.21212121212121213,0.777893098079917,Train
Levante UD,Goalkeeper,Aitor Fdez.,1.44,16,0,0,0,0,0,0,0,0,374.0,0.0,0.0,259.72222222222223,Train
Real Sociedad,Defender,Alex Sola,90.0,1,0,0,0,0,0,0,2,0,52.0,0.0,0.0,0.5777777777777777,Train
Rayo Vallecano,Defender,Amat,2.764,31,10,0,0,0,0,10,5,0,1.2819999999999998,0.0,0.3225806451612903,0.46382054992764105,Train
R. Valladolid CF,Defender,Javier Aparicio,0.0,0,0,0,0,0,0,0,0,0,0.0,0.0,0.0,0.0,Train
D. Alavés,Forward,Twumasi,159.0,11,2,0,0,0,0,0,3,0,55.0,0.0,0.18181818181818182,0.34591194968553457,Train
FC Barcelona,Defender,N. Semedo,1.597,26,4,0,1,0,0,7,4,0,1.0759999999999998,0.038461538461538464,0.15384615384615385,0.6737633061991233,Train
Real Sociedad,Defender,Aihen Muñoz,954.0,11,0,0,0,0,0,9,1,0,399.0,0.0,0.0,0.41823899371069184,Train
R. Valladolid CF,Defender,Moisés,270.0,3,1,0,0,0,0,1,2,0,74.0,0.0,0.3333333333333333,0.2740740740740741,Train
SD Huesca,Midfielder,Rivera,1.694,22,2,0,2,0,0,4,11,0,682.0,0.09090909090909091,0.09090909090909091,402.5974025974026,Train
Real Madrid,Forward,Benzema,2.9610000000000003,36,1,0,21,3,0,1,85,6,1.183,0.5833333333333334,0.027777777777777776,0.3995271867612293,Train
Real Betis,Defender,Julio Alonso,0.0,0,0,0,0,0,0,0,0,0,0.0,0.0,0.0,0.0,Train
FC Barcelona,Defender,Vermaelen,587.0,9,2,0,0,0,0,2,2,0,364.0,0.0,0.2222222222222222,0.6201022146507666,Train
Villarreal CF,Midfielder,Javi Fuego,234.0,5,1,0,0,0,0,0,0,0,144.0,0.0,0.2,0.6153846153846154,Train
RC Celta,Goalkeeper,Rubén Blanco,2.25,25,2,0,0,0,0,0,0,0,701.0,0.0,0.08,311.55555555555554,Train
Valencia CF,Defender,Diakhaby,1.574,22,9,0,2,0,0,16,8,0,696.0,0.09090909090909091,0.4090909090909091,442.1855146124523,Train
Valencia CF,Midfielder,Lee Kang-In,21.0,3,1,0,0,0,0,0,1,0,13.0,0.0,0.3333333333333333,0.6190476190476191,Train
D. Alavés,Midfielder,Jony,2.982,36,3,0,5,0,0,0,47,10,778.0,0.1388888888888889,0.08333333333333333,260.89872568745807,Train
SD Eibar,Defender,Paulo,2.2430000000000003,28,4,0,0,0,1,10,8,0,1.01,0.0,0.14285714285714285,0.45028979045920636,Train
Real Madrid,Midfielder,Modrić,2.617,34,6,0,3,0,0,3,26,6,1.891,0.08823529411764706,0.17647058823529413,0.7225831104317921,Train
FC Barcelona,Midfielder,Arthur,1.439,27,2,0,0,0,0,0,4,1,1.28,0.0,0.07407407407407407,0.8895066018068103,Train
Valencia CF,Midfielder,Wass,2.355,32,4,0,1,0,1,4,18,3,1.148,0.03125,0.125,0.4874734607218683,Train
Atlético de Madrid,Midfielder,Koke,2.587,30,8,1,3,0,0,5,13,4,1.941,0.1,0.3,0.7502899110939312,Train
Girona FC,Defender,Bernardo,2.729,31,2,2,1,0,0,31,15,1,1.392,0.03225806451612903,0.12903225806451613,0.5100769512641993,Train
CD Leganés,Defender,Juanfran,1.459,23,0,0,1,0,0,4,5,1,456.0,0.043478260869565216,0.0,312.54283755997255,Train
Rayo Vallecano,Forward,Sergio Moreno,13.0,1,0,0,0,0,0,0,1,0,2.0,0.0,0.0,0.15384615384615385,Train
CD Leganés,Forward,Carrillo,1.995,32,5,0,6,1,0,1,51,1,640.0,0.1875,0.15625,320.8020050125313,Train
R. Valladolid CF,Midfielder,Anuar,1.082,19,6,0,1,0,0,1,8,0,395.0,0.05263157894736842,0.3157894736842105,365.06469500924214,Train
Girona FC,Midfielder,Roberts,594.0,19,0,0,0,0,0,0,7,0,174.0,0.0,0.0,0.29292929292929293,Train
SD Eibar,Forward,Kike G.,1.294,30,0,0,3,0,0,0,40,0,394.0,0.1,0.0,304.4822256568779,Train
Getafe CF,Midfielder,Mathieu Flamini,449.0,10,5,0,0,0,0,1,0,0,135.0,0.0,0.5,0.30066815144766146,Train
Athletic Club,Midfielder,Beñat,2.045,27,8,0,1,0,0,1,13,2,1.166,0.037037037037037035,0.2962962962962963,0.5701711491442543,Train
Atlético de Madrid,Defender,Savić,1.399,18,3,1,0,0,0,9,5,2,544.0,0.0,0.2222222222222222,388.8491779842745,Train
Athletic Club,Forward,Aduriz,941.0,20,4,0,2,2,0,1,19,0,230.0,0.1,0.2,0.24442082890541977,Train
Girona FC,Defender,Johan Mojica,19.0,1,0,0,0,0,0,0,0,0,6.0,0.0,0.0,0.3157894736842105,Train
Getafe CF,Goalkeeper,Chichizola,90.0,1,0,0,0,0,0,0,0,0,24.0,0.0,0.0,0.26666666666666666,Train
SD Huesca,Midfielder,Melero,1.346,22,3,0,2,1,0,4,19,1,716.0,0.09090909090909091,0.13636363636363635,531.9465081723625,Train
Real Sociedad,Goalkeeper,Moyà,990.0,11,1,0,0,0,0,0,0,0,326.0,0.0,0.09090909090909091,0.3292929292929293,Train
R. Valladolid CF,Goalkeeper,Masip,3.15,35,1,0,0,0,0,0,0,0,983.0,0.0,0.02857142857142857,312.06349206349205,Train
Sevilla FC,Midfielder,J. Navas,2.712,32,8,0,1,0,0,5,28,5,1.418,0.03125,0.25,0.5228613569321533,Train
D. Alavés,Defender,Ely,431.0,5,1,0,0,0,0,7,2,0,160.0,0.0,0.2,0.37122969837587005,Train
Atlético de Madrid,Midfielder,Joaquín Muñoz,1.0,1,0,0,0,0,0,0,0,0,1.0,0.0,0.0,1.0,Train
R. Valladolid CF,Midfielder,Toni,1.774,26,3,0,2,0,0,0,26,2,551.0,0.07692307692307693,0.11538461538461539,310.597519729425,Train
SD Eibar,Defender,Cucurella,2.356,31,6,0,1,0,0,3,15,2,848.0,0.03225806451612903,0.1935483870967742,359.9320882852292,Train
Real Betis,Midfielder,Canales,2.658,32,7,0,7,2,0,3,45,2,1.736,0.21875,0.21875,0.653122648607976,Train
SD Eibar,Midfielder,Pere Milla,344.0,5,0,0,0,0,0,1,2,0,114.0,0.0,0.0,0.3313953488372093,Train
Girona FC,Defender,Èric Montes,0.0,0,0,0,0,0,0,0,0,0,0.0,0.0,0.0,0.0,Train
Villarreal CF,Defender,Quintillà,628.0,7,1,0,0,0,0,2,3,0,279.0,0.0,0.14285714285714285,0.4442675159235669,Train
Atlético de Madrid,Defender,Francisco Montero,401.0,9,2,0,0,0,0,4,0,0,160.0,0.0,0.2222222222222222,0.39900249376558605,Train
Valencia CF,Defender,Piccini ,1.868,23,3,0,1,0,0,7,9,0,771.0,0.043478260869565216,0.13043478260869565,412.7408993576017,Train
SD Huesca,Goalkeeper,Jovanović,1.08,12,1,0,0,0,0,0,0,0,309.0,0.0,0.08333333333333333,286.1111111111111,Train
Levante UD,Defender,Pedro López,463.0,8,1,0,0,0,0,3,1,1,175.0,0.0,0.125,0.3779697624190065,Train
Real Madrid,Forward,Cristo González,45.0,1,0,0,0,0,0,0,0,0,10.0,0.0,0.0,0.2222222222222222,Train
Rayo Vallecano,Forward,Javi Guerra,231.0,8,0,0,0,0,0,0,5,1,74.0,0.0,0.0,0.3203463203463203,Train
Real Betis,Midfielder,Adrián Tellado,0.0,0,0,0,0,0,0,0,0,0,0.0,0.0,0.0,0.0,Train
Real Madrid,Forward,Vinicius,864.0,18,0,0,2,0,0,1,31,0,285.0,0.1111111111111111,0.0,0.3298611111111111,Train
Rayo Vallecano,Defender,Alejandro Catena,177.0,2,1,0,0,0,0,2,3,0,99.0,0.0,0.5,0.559322033898305,Train
Sevilla FC,Defender,Maximilian Wöber,536.0,7,2,0,0,0,0,0,4,0,260.0,0.0,0.2857142857142857,0.48507462686567165,Train
Athletic Club,Defender,Núñez,1.063,12,4,0,0,0,0,12,9,0,536.0,0.0,0.3333333333333333,504.23330197554094,Train
Rayo Vallecano,Defender,Tito L. V.,1.099,15,2,0,0,0,0,2,1,0,491.0,0.0,0.13333333333333333,446.76979071883534,Train
Valencia CF,Midfielder,Coquelin,1.766,26,5,0,0,0,0,5,9,1,967.0,0.0,0.19230769230769232,547.5651189127973,Train
D. Alavés,Defender,Martín,2.0340000000000003,27,5,0,0,0,0,11,1,0,720.0,0.0,0.18518518518518517,353.9823008849557,Train
R. Valladolid CF,Defender,Calero,3.13,36,7,0,1,0,0,31,8,0,1.45,0.027777777777777776,0.19444444444444445,0.46325878594249204,Train
Sevilla FC,Forward,Ben Yedder,2.819,35,4,0,18,2,0,0,64,9,755.0,0.5142857142857142,0.11428571428571428,267.82547002483153,Train
Levante UD,Midfielder,Jason,2.331,30,10,0,2,0,0,4,25,5,650.0,0.06666666666666667,0.3333333333333333,278.85027885027887,Train
Sevilla FC,Midfielder,Sarabia,2.728,33,9,0,12,1,0,3,62,13,1.208,0.36363636363636365,0.2727272727272727,0.4428152492668621,Train
Girona FC,Defender,Ramalho,1.619,22,4,0,1,0,1,11,5,0,716.0,0.045454545454545456,0.18181818181818182,442.24830142063,Train
D. Alavés,Defender,Ximo Navarro,2.533,31,7,0,2,0,0,11,7,2,823.0,0.06451612903225806,0.22580645161290322,324.9111725227004,Train
RC Celta,Defender,Juncà,1.758,21,6,0,0,0,0,6,4,3,830.0,0.0,0.2857142857142857,472.127417519909,Train
Levante UD,Midfielder,Fran Manzanara,155.0,4,0,0,0,0,0,2,1,0,67.0,0.0,0.0,0.432258064516129,Train
CD Leganés,Goalkeeper,Cuéllar,3.056,34,5,0,0,0,0,0,0,0,984.0,0.0,0.14705882352941177,321.9895287958115,Train
Real Sociedad,Defender,Theo,1.976,24,5,1,1,0,0,5,19,2,909.0,0.041666666666666664,0.25,460.02024291497975,Train
Atlético de Madrid,Midfielder,Cristian Rodríguez,0.0,0,0,0,0,0,0,0,0,0,0.0,0.0,0.0,0.0,Train
Atlético de Madrid,Defender,Godín,2.507,30,7,0,3,0,1,9,14,1,1.047,0.1,0.23333333333333334,0.4176306342241723,Train
Real Sociedad,Midfielder,Merquelanz,4.0,1,0,0,0,0,0,0,0,0,0.0,0.0,0.0,0.0,Train
Rayo Vallecano,Midfielder,Medrán,1.147,21,6,1,3,0,0,1,20,0,727.0,0.14285714285714285,0.3333333333333333,633.8273757628597,Train
RCD Espanyol,Midfielder,M. Roca,3.116,35,9,0,1,0,0,21,17,2,1.956,0.02857142857142857,0.2571428571428571,0.6277278562259306,Train
Levante UD,Defender,Rober Pier,2.855,33,6,0,1,0,1,36,7,0,1.095,0.030303030303030304,0.18181818181818182,0.38353765323992994,Train
FC Barcelona,Midfielder,Rafinha,225.0,5,1,0,0,0,0,1,2,0,145.0,0.0,0.2,0.6444444444444445,Train
Athletic Club,Forward,Muniain ,2.385,34,7,0,7,1,0,3,20,4,1.187,0.20588235294117646,0.20588235294117646,0.49769392033542986,Train
Villarreal CF,Midfielder,Pedraza,2.087,34,3,0,3,0,0,7,24,3,710.0,0.08823529411764706,0.08823529411764706,340.201245807379,Train
R. Valladolid CF,Defender,Salisu,0.0,0,0,0,0,0,0,0,0,0,0.0,0.0,0.0,0.0,Train
Rayo Vallecano,Defender,E. Velázquez,1.275,18,8,0,0,0,0,7,5,2,505.0,0.0,0.4444444444444444,396.07843137254906,Train
Real Madrid,Defender,Reguilón,1.121,14,3,0,0,0,0,3,4,2,666.0,0.0,0.21428571428571427,594.1123996431758,Train
RC Celta,Defender,Hugo Mallo,3.094,35,11,0,1,0,0,13,19,4,1.491,0.02857142857142857,0.3142857142857143,0.48190045248868785,Train
Real Sociedad,Midfielder,Zurutuza,1.223,21,2,0,2,0,0,4,9,0,603.0,0.09523809523809523,0.09523809523809523,493.04987735077674,Train
Getafe CF,Midfielder,Hugo Duro,414.0,11,0,0,0,0,0,1,4,0,59.0,0.0,0.0,0.14251207729468598,Train
Real Madrid,Midfielder,Jaume Grau,0.0,0,0,0,0,0,0,0,0,0,0.0,0.0,0.0,0.0,Train
Sevilla FC,Midfielder,Bryan Gil Salvatierra,157.0,11,0,0,1,0,0,0,2,1,65.0,0.09090909090909091,0.0,0.4140127388535032,Train
FC Barcelona,Forward,Messi,2.71,34,3,0,36,4,0,0,140,13,1.83,1.0588235294117647,0.08823529411764706,0.6752767527675277,Train
CD Leganés,Goalkeeper,Andrés,0.0,0,0,0,0,0,0,0,0,0,0.0,0.0,0.0,0.0,Train
FC Barcelona,Midfielder,Aleñá,631.0,17,2,0,2,0,0,0,8,0,573.0,0.11764705882352941,0.11764705882352941,0.9080824088748018,Train
FC Barcelona,Defender,Juan Miranda,0.0,0,0,0,0,0,0,0,0,0,0.0,0.0,0.0,0.0,Train
Villarreal CF,Defender,Bonera,233.0,5,1,0,0,0,1,5,0,0,93.0,0.0,0.2,0.39914163090128757,Train
Athletic Club,Defender,Yuri B.,3.12,35,9,1,2,0,0,9,22,2,1.367,0.05714285714285714,0.2857142857142857,0.43814102564102564,Train
RCD Espanyol,Midfielder,Álex López,109.0,4,1,0,0,0,0,0,1,0,75.0,0.0,0.25,0.6880733944954128,Train
Real Betis,Defender,A. Barragán,936.0,14,4,0,0,0,0,4,1,0,523.0,0.0,0.2857142857142857,0.5587606837606838,Train
CD Leganés,Goalkeeper,David Tejero,0.0,0,0,0,0,0,0,0,0,0,0.0,0.0,0.0,0.0,Train
RC Celta,Midfielder,Hjulsager,349.0,15,1,0,0,0,0,0,1,3,109.0,0.0,0.06666666666666667,0.3123209169054441,Train
Athletic Club,Midfielder,Córdoba,1.3219999999999998,23,4,0,0,0,0,0,16,5,406.0,0.0,0.17391304347826086,307.1104387291982,Train
Getafe CF,Midfielder,Gaku,389.0,7,0,0,0,0,0,0,4,0,116.0,0.0,0.0,0.2982005141388175,Train
Atlético de Madrid,Defender,Andrés Solano,45.0,1,0,0,0,0,0,0,0,0,26.0,0.0,0.0,0.5777777777777777,Train
Real Madrid,Defender,Adrián de la Fuente,0.0,0,0,0,0,0,0,0,0,0,0.0,0.0,0.0,0.0,Train
Girona FC,Midfielder,Aleix García,1.665,31,1,0,2,0,0,6,13,1,1.073,0.06451612903225806,0.03225806451612903,0.6444444444444444,Train
SD Huesca,Midfielder,Juanpi,672.0,14,2,0,2,1,0,0,8,2,217.0,0.14285714285714285,0.14285714285714285,0.3229166666666667,Train
Levante UD,Midfielder,Arturo Molina,0.0,0,0,0,0,0,0,0,0,0,0.0,0.0,0.0,0.0,Train
Real Sociedad,Defender,Robin Le Normand,283.0,4,1,0,0,0,0,0,1,1,220.0,0.0,0.25,0.7773851590106007,Train
Rayo Vallecano,Forward,R. D. T.,2.818,33,5,0,14,0,0,4,92,1,460.0,0.42424242424242425,0.15151515151515152,163.23633782824697,Train
Valencia CF,Defender,Lato,270.0,4,1,0,0,0,0,3,2,0,141.0,0.0,0.25,0.5222222222222223,Train
Valencia CF,Defender,Roncaglia,1.6740000000000002,19,6,1,0,0,0,7,4,0,806.0,0.0,0.3684210526315789,481.4814814814814,Train
Real Betis,Goalkeeper,Joel Robles,450.0,5,0,0,0,0,0,0,0,0,163.0,0.0,0.0,0.3622222222222222,Train
R. Valladolid CF,Midfielder,Borja,839.0,19,4,0,0,0,0,2,4,0,379.0,0.0,0.21052631578947367,0.45172824791418353,Train
Levante UD,Defender,Antonio Luna,1.259,16,4,0,0,0,0,7,1,2,477.0,0.0,0.25,378.8721207307387,Train
Levante UD,Midfielder,Vukčević,670.0,16,3,1,0,0,0,5,0,1,244.0,0.0,0.25,0.3641791044776119,Train
RC Celta,Midfielder,Okay,2.2030000000000003,30,10,0,2,0,0,11,16,0,1.3869999999999998,0.06666666666666667,0.3333333333333333,0.6295960054471174,Train
Valencia CF,Forward,Gameiro,1.605,33,1,0,6,0,0,2,29,1,422.0,0.18181818181818182,0.030303030303030304,262.9283489096573,Train
Rayo Vallecano,Goalkeeper,Alberto G.,1.53,17,1,0,0,0,0,0,0,0,471.0,0.0,0.058823529411764705,307.84313725490193,Train
Villarreal CF,Midfielder,S. Cazorla,2.651,35,2,0,4,2,0,6,22,10,1.5730000000000002,0.11428571428571428,0.05714285714285714,0.5933609958506225,Train
SD Huesca,Defender,Akapo,1.012,13,2,0,0,0,0,2,4,0,348.0,0.0,0.15384615384615385,343.87351778656125,Train
SD Huesca,Goalkeeper,Santamaría,1.8,20,1,0,0,0,0,0,0,0,546.0,0.0,0.05,303.3333333333333,Train
Villarreal CF,Forward,Gerard,2.317,35,3,0,8,0,0,9,54,1,740.0,0.22857142857142856,0.08571428571428572,319.3785066896849,Train
RC Celta,Midfielder,Jozabed,1.157,20,1,0,0,0,0,2,10,0,703.0,0.0,0.05,607.6058772687986,Train
Real Betis,Midfielder,Javi García,520.0,13,0,1,0,0,0,1,0,0,444.0,0.0,0.07692307692307693,0.8538461538461538,Train
Rayo Vallecano,Midfielder,Kakuta,720.0,12,1,0,1,1,0,1,4,0,231.0,0.08333333333333333,0.08333333333333333,0.32083333333333336,Train
SD Eibar,Midfielder,De Blasis,1.517,24,3,1,2,0,0,0,10,0,641.0,0.08333333333333333,0.16666666666666666,422.54449571522747,Train
Levante UD,Defender,Chema R.,1.251,19,7,0,2,0,0,11,5,0,371.0,0.10526315789473684,0.3684210526315789,296.5627498001599,Train
Getafe CF,Midfielder,Maksimovic,3.2110000000000003,36,5,0,1,0,0,15,24,0,769.0,0.027777777777777776,0.1388888888888889,239.48925568358766,Train
Atlético de Madrid,Midfielder,Thomas,2.064,32,7,1,3,0,0,5,31,4,1.327,0.09375,0.25,0.6429263565891472,Train
Levante UD,Forward,B. Mayoral,1.614,29,1,0,3,0,0,1,21,2,387.0,0.10344827586206896,0.034482758620689655,239.77695167286245,Train
Real Sociedad,Defender,Zaldúa,2.141,26,7,0,1,0,0,3,5,2,899.0,0.038461538461538464,0.2692307692307692,419.8972442783746,Train
Girona FC,Midfielder,Álex Pachón,0.0,0,0,0,0,0,0,0,0,0,0.0,0.0,0.0,0.0,Train
SD Huesca,Forward,Cucho Hernández,2.15,34,6,0,4,2,0,2,68,3,544.0,0.11764705882352941,0.17647058823529413,253.0232558139535,Train
RCD Espanyol,Goalkeeper,Roberto,0.0,0,0,0,0,0,0,0,0,0,0.0,0.0,0.0,0.0,Train
Rayo Vallecano,Defender,Advíncula,2.391,28,2,2,1,0,0,2,13,3,939.0,0.03571428571428571,0.14285714285714285,392.7227101631117,Train
D. Alavés,Midfielder,Darko,1.581,24,5,0,0,0,0,4,3,1,619.0,0.0,0.20833333333333334,391.52435167615437,Train
Atlético de Madrid,Midfielder,Gustavo Assunção,0.0,0,0,0,0,0,0,0,0,0,0.0,0.0,0.0,0.0,Train
Real Madrid,Midfielder,D. Ceballos,1.246,23,3,0,3,0,0,1,12,0,1.015,0.13043478260869565,0.13043478260869565,0.8146067415730336,Train
Athletic Club,Goalkeeper,A. Remiro,0.0,0,0,0,0,0,0,0,0,0,0.0,0.0,0.0,0.0,Train
Valencia CF,Midfielder,Gonçalo Guedes,1.469,25,2,0,5,0,0,0,27,3,598.0,0.2,0.08,407.0796460176991,Train
Real Betis,Midfielder,Irizo,0.0,0,0,0,0,0,0,0,0,0,0.0,0.0,0.0,0.0,Train
Atlético de Madrid,Midfielder,Borja Garcés,19.0,1,0,0,1,0,0,0,1,0,4.0,1.0,0.0,0.21052631578947367,Train
Real Sociedad,Midfielder,Sangalli ,999.0,18,0,0,1,0,0,1,10,3,361.0,0.05555555555555555,0.0,0.3613613613613614,Train
CD Leganés,Midfielder,Eraso,635.0,13,2,0,0,0,0,1,3,0,208.0,0.0,0.15384615384615385,0.32755905511811023,Train
Levante UD,Defender,E. Cabaco,1.638,21,9,2,2,0,0,14,8,0,695.0,0.09523809523809523,0.5238095238095238,424.29792429792434,Train
Atlético de Madrid,Defender,Arias,1.77,25,4,0,1,0,0,2,7,1,790.0,0.04,0.16,446.3276836158192,Train
Real Sociedad,Forward,Sandro,1.05,24,4,0,0,0,0,1,33,0,342.0,0.0,0.16666666666666666,325.7142857142857,Train
Rayo Vallecano,Defender,Martín Pascual,0.0,0,0,0,0,0,0,0,0,0,0.0,0.0,0.0,0.0,Train
Real Sociedad,Forward,Januzaj,1.252,20,1,0,1,0,0,0,22,3,431.0,0.05,0.05,344.24920127795525,Train
SD Huesca,Goalkeeper,Javi Varas,0.0,0,0,0,0,0,0,0,0,0,0.0,0.0,0.0,0.0,Train
SD Eibar,Midfielder,R. Peña,2.673,31,3,0,1,0,0,9,15,2,1.349,0.03225806451612903,0.0967741935483871,0.5046763935652825,Train
Real Betis,Forward,Loren,1.958,33,3,0,6,0,0,1,50,0,337.0,0.18181818181818182,0.09090909090909091,172.1144024514811,Train
D. Alavés,Goalkeeper,Sivera,270.0,3,0,0,0,0,0,0,0,0,88.0,0.0,0.0,0.32592592592592595,Train
Real Betis,Defender,Emerson,317.0,6,1,0,0,0,0,0,1,0,146.0,0.0,0.16666666666666666,0.4605678233438486,Train
Villarreal CF,Defender,Víctor Ruiz,1.976,22,10,0,0,0,0,16,6,0,1.197,0.0,0.45454545454545453,0.6057692307692308,Train
Atlético de Madrid,Midfielder,Sergio Camello,45.0,1,0,0,1,0,0,0,3,0,9.0,1.0,0.0,0.2,Train
Real Betis,Defender,Júnior,1.937,24,7,0,3,0,0,2,15,4,934.0,0.125,0.2916666666666667,482.1889519876097,Train
R. Valladolid CF,Midfielder,Míchel,2.551,35,9,0,1,0,0,4,18,2,1.604,0.02857142857142857,0.2571428571428571,0.6287730301842415,Train
Athletic Club,Midfielder,Iturraspe,97.0,3,1,0,0,0,0,0,0,0,80.0,0.0,0.3333333333333333,0.8247422680412371,Train
RCD Espanyol,Defender,Dídac Vilà,2.358,27,10,0,0,0,0,12,15,2,1.111,0.0,0.37037037037037035,0.4711620016963528,Train
Real Madrid,Midfielder,Brahim Díaz,378.0,9,0,0,1,0,0,0,7,1,163.0,0.1111111111111111,0.0,0.4312169312169312,Train
Rayo Vallecano,Midfielder,Álvaro,1.759,35,3,0,4,0,0,0,20,2,419.0,0.11428571428571428,0.08571428571428572,238.2035247299602,Train
Girona FC,Goalkeeper,J. Suárez,0.0,0,0,0,0,0,0,0,0,0,0.0,0.0,0.0,0.0,Train
Villarreal CF,Midfielder,Samuel Chukwueze,1.7080000000000002,26,2,0,5,0,0,2,42,2,504.0,0.19230769230769232,0.07692307692307693,295.0819672131147,Train
Sevilla FC,Defender,Carriço,2.132,24,10,0,1,0,0,12,7,1,1.001,0.041666666666666664,0.4166666666666667,0.46951219512195114,Train
Villarreal CF,Midfielder,Cáseres,1.588,23,10,0,0,0,0,9,4,1,862.0,0.0,0.43478260869565216,542.8211586901763,Train
Sevilla FC,Forward,Promes,1.569,33,2,0,2,0,0,3,19,3,757.0,0.06060606060606061,0.06060606060606061,482.4729126832377,Train
R. Valladolid CF,Midfielder,Keko Gontán,1.543,26,3,0,2,0,0,1,21,1,416.0,0.07692307692307693,0.11538461538461539,269.6046662346079,Train
Girona FC,Midfielder,Valery Fernández,884.0,17,2,0,0,0,0,1,1,1,279.0,0.0,0.11764705882352941,0.3156108597285068,Train
SD Huesca,Midfielder,Musto,1.6869999999999998,24,11,0,0,0,0,11,11,0,775.0,0.0,0.4583333333333333,459.3953764078246,Train
Valencia CF,Defender,Gayá,3.138,35,10,0,1,0,0,6,12,1,1.4509999999999998,0.02857142857142857,0.2857142857142857,0.4623964308476736,Train
Atlético de Madrid,Forward,Diego Costa,1.114,16,4,1,2,0,0,0,12,2,300.0,0.125,0.3125,269.29982046678634,Train
SD Huesca,Midfielder,Herrera,1.158,16,5,0,0,0,0,1,10,0,433.0,0.0,0.3125,373.9205526770294,Train
Rayo Vallecano,Goalkeeper,Dimitrievski,1.89,21,3,0,0,0,0,0,0,0,525.0,0.0,0.14285714285714285,277.77777777777777,Train
Athletic Club,Midfielder,Raúl García,2.379,33,13,0,9,2,0,1,63,3,892.0,0.2727272727272727,0.3939393939393939,374.94745691467006,Train
RCD Espanyol,Defender,O. Duarte,657.0,11,0,0,0,0,1,7,2,0,333.0,0.0,0.0,0.5068493150684932,Train
SD Huesca,Defender,Diéguez,749.0,9,3,0,0,0,0,4,1,0,204.0,0.0,0.3333333333333333,0.27236315086782376,Train
Getafe CF,Midfielder,Arambarri,2.685,33,8,0,1,0,1,9,23,2,739.0,0.030303030303030304,0.24242424242424243,275.23277467411543,Train
Rayo Vallecano,Midfielder,Manuel Navarro,0.0,0,0,0,0,0,0,0,0,0,0.0,0.0,0.0,0.0,Train
Girona FC,Forward,Stuani,2.7310000000000003,32,9,0,19,5,0,1,67,0,503.0,0.59375,0.28125,184.18161845477846,Train
Real Madrid,Midfielder,M. Llorente,540.0,7,1,0,0,0,0,0,1,0,375.0,0.0,0.14285714285714285,0.6944444444444444,Train
Real Sociedad,Midfielder,Illarramendi,1.822,23,8,0,1,0,0,9,11,1,1.238,0.043478260869565216,0.34782608695652173,0.6794731064763996,Train
Sevilla FC,Midfielder,R. Mesa,1.745,31,10,0,2,0,0,0,19,2,914.0,0.06451612903225806,0.3225806451612903,523.78223495702,Train
Real Betis,Defender,Sidnei,1.743,24,4,0,1,0,0,8,7,0,1.243,0.041666666666666664,0.16666666666666666,0.7131382673551349,Train
RC Celta,Forward,Sisto,834.0,25,0,0,2,0,0,0,13,1,427.0,0.08,0.0,0.511990407673861,Train
FC Barcelona,Midfielder,I. Rakitić,2.643,34,5,1,3,0,0,8,31,5,2.535,0.08823529411764706,0.17647058823529413,0.9591373439273554,Train
D. Alavés,Defender,Adrián Marín,287.0,6,2,0,0,0,0,0,2,0,82.0,0.0,0.3333333333333333,0.2857142857142857,Train
Real Madrid,Defender,Vallejo,311.0,5,1,1,1,0,0,4,1,0,156.0,0.2,0.4,0.5016077170418006,Train
CD Leganés,Forward,Sabin Merino,288.0,12,0,0,0,0,0,0,11,0,88.0,0.0,0.0,0.3055555555555556,Train
SD Huesca,Defender,Etxeita,2.678,31,11,0,4,0,1,25,18,0,882.0,0.12903225806451613,0.3548387096774194,329.3502613890964,Train
RCD Espanyol,Midfielder,Víctor Campuzano,0.0,0,0,0,0,0,0,0,0,0,0.0,0.0,0.0,0.0,Train
Levante UD,Midfielder,J. Campaña,3.213,36,12,0,4,0,0,7,14,9,1.857,0.1111111111111111,0.3333333333333333,0.5779645191409897,Train
SD Huesca,Midfielder,Moi Gómez,3.0610000000000004,36,3,0,2,0,0,3,17,7,1.42,0.05555555555555555,0.08333333333333333,0.46390068605031026,Train
FC Barcelona,Defender,Piqué,3.15,35,6,0,4,0,0,27,17,2,2.39,0.11428571428571428,0.17142857142857143,0.7587301587301588,Train
Athletic Club,Midfielder,Capa,1.6369999999999998,25,9,0,0,0,0,2,7,0,686.0,0.0,0.36,419.05925473427004,Train
CD Leganés,Defender,R. Tarín,1.429,18,3,0,0,0,0,5,4,0,468.0,0.0,0.16666666666666666,327.50174947515745,Train
D. Alavés,Midfielder,M. Wakaso,1.664,29,9,0,1,0,0,9,23,1,635.0,0.034482758620689655,0.3103448275862069,381.61057692307696,Train
Rayo Vallecano,Midfielder,Giannelli Imbula,1.739,22,7,0,1,0,0,2,14,1,710.0,0.045454545454545456,0.3181818181818182,408.28062104657846,Train
SD Eibar,Defender,N. E. Ramis ,1.682,21,4,0,0,0,0,5,13,0,809.0,0.0,0.19047619047619047,480.9750297265161,Train
D. Alavés,Midfielder,T. Pina,2.343,28,13,0,2,0,0,4,9,0,1.054,0.07142857142857142,0.4642857142857143,0.4498506188647034,Train
SD Huesca,Defender,Mantovani,699.0,9,2,0,2,0,1,3,4,0,226.0,0.2222222222222222,0.2222222222222222,0.32331902718168815,Test
Girona FC,Goalkeeper,Iraizoz,558.0,7,0,0,0,0,0,0,0,0,187.0,0.0,0.0,0.33512544802867383,Test
Atlético de Madrid,Forward,Kalinić,639.0,17,3,0,2,0,0,0,6,0,107.0,0.11764705882352941,0.17647058823529413,0.1674491392801252,Test
R. Valladolid CF,Midfielder,Pablo Muñoz,0.0,0,0,0,0,0,0,0,0,0,0.0,0.0,0.0,0.0,Test
CD Leganés,Defender,Kravets,484.0,6,2,0,0,0,0,1,3,0,165.0,0.0,0.3333333333333333,0.3409090909090909,Test
Real Madrid,Defender,Sergio Ramos,2.474,28,5,1,6,5,0,15,25,1,1.917,0.21428571428571427,0.21428571428571427,0.7748585286984639,Test
Real Sociedad,Defender,Aritz,2.253,27,5,0,1,0,0,7,9,0,1.108,0.037037037037037035,0.18518518518518517,0.4917887261429206,Test
CD Leganés,Midfielder,Rubén Pérez J.,2.471,31,7,1,0,0,0,8,6,0,1.347,0.0,0.25806451612903225,0.5451234318089841,Test
Valencia CF,Defender,Hugo Guillamón,0.0,0,0,0,0,0,0,0,0,0,0.0,0.0,0.0,0.0,Test
Sevilla FC,Defender,Kjaer,2.015,26,5,0,0,0,0,34,11,0,907.0,0.0,0.19230769230769232,450.12406947890815,Test
SD Huesca,Defender,Luisinho,509.0,7,4,0,0,0,0,1,3,0,195.0,0.0,0.5714285714285714,0.3831041257367387,Test
CD Leganés,Midfielder,Gumbau,1.196,16,4,1,1,1,0,2,13,1,399.0,0.0625,0.3125,333.61204013377926,Test
RCD Espanyol,Forward,Wu Lei,1.064,16,1,0,3,0,0,0,28,1,198.0,0.1875,0.0625,186.09022556390977,Test
RCD Espanyol,Defender,Naldo,1.366,16,3,0,1,0,0,13,6,1,600.0,0.0625,0.1875,439.2386530014641,Test
Real Sociedad,Forward,Willian J.,2.374,31,5,1,11,5,0,5,46,5,755.0,0.3548387096774194,0.1935483870967742,318.0286436394271,Test
Getafe CF,Midfielder,S. Cristóforo,442.0,15,3,0,0,0,0,0,1,2,143.0,0.0,0.2,0.3235294117647059,Test
FC Barcelona,Midfielder,Sergio,2.719,35,10,0,0,0,0,8,6,1,2.394,0.0,0.2857142857142857,0.880470761309305,Test
Athletic Club,Defender,Balenziaga,520.0,11,0,0,0,0,0,2,0,0,177.0,0.0,0.0,0.3403846153846154,Test
CD Leganés,Midfielder,El Zhar,954.0,27,0,0,4,1,0,0,18,0,258.0,0.14814814814814814,0.0,0.27044025157232704,Test
Sevilla FC,Defender,Gnagnon,444.0,7,2,0,0,0,0,2,3,0,258.0,0.0,0.2857142857142857,0.581081081081081,Test
Real Madrid,Forward,Mariano,439.0,13,2,0,3,0,0,0,15,0,92.0,0.23076923076923078,0.15384615384615385,0.20956719817767655,Test
Getafe CF,Forward,Mata,2.436,34,10,0,14,4,0,0,49,6,649.0,0.4117647058823529,0.29411764705882354,266.4203612479475,Test
Athletic Club,Defender,Yeray,2.614,30,10,0,0,0,0,16,7,0,1.284,0.0,0.3333333333333333,0.4912012241775058,Test
Real Madrid,Defender,Odriozola,1.179,14,2,0,0,0,0,1,1,2,594.0,0.0,0.14285714285714285,503.8167938931297,Test
Sevilla FC,Midfielder,Amadou,757.0,17,2,0,0,0,0,4,5,0,352.0,0.0,0.11764705882352941,0.46499339498018494,Test
Getafe CF,Forward,Jorge Molina,2.647,38,2,0,14,2,0,0,39,5,735.0,0.3684210526315789,0.05263157894736842,277.67283717415944,Test
Villarreal CF,Midfielder,Raba,186.0,8,0,0,0,0,0,0,1,1,93.0,0.0,0.0,0.5,Test
SD Eibar,Defender,Cote,3.034,35,9,0,1,0,0,5,15,1,1.4880000000000002,0.02857142857142857,0.2571428571428571,0.49044166117336857,Test
CD Leganés,Forward,Jose Arnáiz,108.0,6,0,0,0,0,0,0,1,0,30.0,0.0,0.0,0.2777777777777778,Test
Real Sociedad,Defender,Gorosabel,454.0,7,0,0,0,0,0,1,2,0,210.0,0.0,0.0,0.46255506607929514,Test
FC Barcelona,Forward,Malcom,608.0,15,0,0,1,0,0,0,10,2,305.0,0.06666666666666667,0.0,0.5016447368421053,Test
Real Betis,Defender,Feddal,1.7009999999999998,21,7,0,1,0,0,8,14,1,1.272,0.047619047619047616,0.3333333333333333,0.7477954144620812,Test
Rayo Vallecano,Midfielder,Franco Di Santo,169.0,6,1,1,0,0,0,0,0,0,36.0,0.0,0.3333333333333333,0.21301775147928995,Test
CD Leganés,Defender,Siovas,2.963,34,5,0,1,0,0,15,17,0,1.35,0.029411764705882353,0.14705882352941177,0.45561930475869056,Test
Villarreal CF,Midfielder,M. Trigueros,1.547,24,3,0,0,0,0,6,11,0,983.0,0.0,0.125,635.4234001292825,Test
SD Eibar,Midfielder,P. León,426.0,9,0,0,1,0,0,0,7,0,122.0,0.1111111111111111,0.0,0.2863849765258216,Test
Atlético de Madrid,Goalkeeper,Adán,90.0,1,1,0,0,0,0,0,0,0,22.0,0.0,1.0,0.24444444444444444,Test
Levante UD,Midfielder,Bardhi,2.841,36,6,0,3,0,0,3,50,4,1.103,0.08333333333333333,0.16666666666666666,0.3882435762055614,Test
Villarreal CF,Goalkeeper,S. Asenjo ,2.88,32,0,0,0,0,0,0,0,0,686.0,0.0,0.0,238.19444444444446,Test
CD Leganés,Forward,Youssef En-Nesyri,2.104,31,7,0,9,0,1,3,64,2,465.0,0.2903225806451613,0.22580645161290322,221.00760456273764,Test
Villarreal CF,Midfielder,Iván Martín,0.0,0,0,0,0,0,0,0,0,0,0.0,0.0,0.0,0.0,Test
Levante UD,Defender,Toño,1.767,21,4,0,1,0,1,5,12,2,635.0,0.047619047619047616,0.19047619047619047,359.3661573288059,Test
Valencia CF,Forward,S. Mina,1.858,30,4,0,7,0,0,2,38,5,463.0,0.23333333333333334,0.13333333333333333,249.19268030139935,Test
Getafe CF,Midfielder,Portillo,1.991,32,3,1,1,0,0,0,7,4,749.0,0.03125,0.125,376.19286790557504,Test
Athletic Club,Goalkeeper,Herrerín,2.79,31,1,0,0,0,0,0,0,1,887.0,0.0,0.03225806451612903,317.921146953405,Test
RC Celta,Goalkeeper,Iván Villar,0.0,0,0,0,0,0,0,0,0,0,0.0,0.0,0.0,0.0,Test
SD Huesca,Midfielder,Álex Gallar,1.002,25,2,0,4,1,0,1,19,1,407.0,0.16,0.08,406.187624750499,Test
Real Sociedad,Defender,H.Moreno,1.929,25,2,0,1,0,0,19,4,0,1.192,0.04,0.08,0.6179367547952307,Test
Getafe CF,Goalkeeper,R. Yáñez,0.0,0,0,0,0,0,0,0,0,0,0.0,0.0,0.0,0.0,Test
Rayo Vallecano,Midfielder,Mario Suárez,1.026,14,5,0,2,0,0,3,15,0,578.0,0.14285714285714285,0.35714285714285715,563.3528265107212,Test
Real Madrid,Goalkeeper,Luca Zidane,90.0,1,0,0,0,0,0,0,0,0,38.0,0.0,0.0,0.4222222222222222,Test
Girona FC,Defender,Alcalá,1.868,25,9,0,1,0,0,18,12,1,863.0,0.04,0.36,461.99143468950746,Test
FC Barcelona,Forward,Suárez,2.827,33,5,0,21,4,0,4,93,6,956.0,0.6363636363636364,0.15151515151515152,338.1676689069685,Test
SD Eibar,Midfielder,Jordán,2.878,36,10,0,4,0,0,4,44,4,1.6840000000000002,0.1111111111111111,0.2777777777777778,0.5851285615010424,Test
Real Betis,Midfielder,A. Guardado,2.338,31,8,0,0,0,0,1,19,4,1.592,0.0,0.25806451612903225,0.6809238665526091,Test
R. Valladolid CF,Midfielder,Verde,641.0,22,1,0,2,1,0,0,20,0,232.0,0.09090909090909091,0.045454545454545456,0.3619344773790952,Test
Girona FC,Midfielder,Borja García,2.636,33,0,1,1,0,0,2,24,3,1.288,0.030303030303030304,0.030303030303030304,0.48861911987860396,Test
Real Betis,Midfielder,Tello Herrera,1.5590000000000002,29,4,0,4,0,0,0,29,6,778.0,0.13793103448275862,0.13793103448275862,499.0378447722899,Test
Getafe CF,Defender,Djené,2.98,34,10,2,0,0,0,11,9,0,974.0,0.0,0.35294117647058826,326.8456375838926,Test
SD Eibar,Midfielder,Sergio A.,1.064,19,1,0,0,0,0,4,2,0,498.0,0.0,0.05263157894736842,468.04511278195486,Test
RCD Espanyol,Defender,Iago Indias,0.0,0,0,0,0,0,0,0,0,0,0.0,0.0,0.0,0.0,Test
R. Valladolid CF,Midfielder,Luismi,0.0,0,0,0,0,0,0,0,0,0,0.0,0.0,0.0,0.0,Test
RCD Espanyol,Midfielder,Carlos Doncel,0.0,0,0,0,0,0,0,0,0,0,0.0,0.0,0.0,0.0,Test
CD Leganés,Midfielder,Javier Avilés,0.0,0,0,0,0,0,0,0,0,0,0.0,0.0,0.0,0.0,Test
R. Valladolid CF,Forward,Enes Ünal,2.15,33,7,0,6,3,0,4,38,3,524.0,0.18181818181818182,0.21212121212121213,243.72093023255815,Test
Villarreal CF,Midfielder,P. Fornals,2.483,35,4,0,2,0,0,4,43,3,1.13,0.05714285714285714,0.11428571428571428,0.4550946435763189,Test
SD Eibar,Forward,Marc,597.0,17,1,0,3,0,0,0,13,1,165.0,0.17647058823529413,0.058823529411764705,0.27638190954773867,Test
FC Barcelona,Goalkeeper,Cillessen,270.0,3,0,0,0,0,0,0,0,0,97.0,0.0,0.0,0.3592592592592593,Test
CD Leganés,Defender,Muñoz,211.0,3,0,0,0,0,0,1,2,0,115.0,0.0,0.0,0.5450236966824644,Test
Girona FC,Midfielder,Douglas Luiz,1.487,23,7,0,0,0,0,7,10,0,728.0,0.0,0.30434782608695654,489.57632817753864,Test
Valencia CF,Defender,Garay,2.137,24,4,0,2,0,0,23,10,0,1.07,0.08333333333333333,0.16666666666666666,0.5007019185774451,Test
CD Leganés,Midfielder,Szymanowski,9.0,1,0,0,0,0,0,0,0,0,5.0,0.0,0.0,0.5555555555555556,Test
Athletic Club,Defender,I. Lekue,210.0,4,1,0,0,0,0,0,0,0,85.0,0.0,0.25,0.40476190476190477,Test
D. Alavés,Midfielder,Andrei Lupu,0.0,0,0,0,0,0,0,0,0,0,0.0,0.0,0.0,0.0,Test
Rayo Vallecano,Defender,Sergio Akieme,180.0,2,0,0,0,0,1,0,0,1,65.0,0.0,0.0,0.3611111111111111,Test
Girona FC,Defender,Muniesa,1.403,19,6,0,0,0,0,6,6,0,765.0,0.0,0.3157894736842105,545.2601568068425,Test
D. Alavés,Midfielder,Álex Blanco,14.0,2,0,0,0,0,0,0,0,0,6.0,0.0,0.0,0.42857142857142855,Test
Rayo Vallecano,Midfielder,Bebé,1.358,29,6,0,1,0,0,1,33,1,409.0,0.034482758620689655,0.20689655172413793,301.1782032400589,Test
D. Alavés,Goalkeeper,Pacheco,3.15,35,3,0,0,0,0,0,0,0,956.0,0.0,0.08571428571428572,303.4920634920635,Test
CD Leganés,Midfielder,Vesga,2.075,26,3,0,1,0,0,4,11,1,785.0,0.038461538461538464,0.11538461538461539,378.31325301204816,Test
Real Betis,Forward,Sergio León,632.0,16,1,0,0,0,0,0,10,1,99.0,0.0,0.0625,0.15664556962025317,Test
Rayo Vallecano,Forward,M. L. S. Trejo,1.7719999999999998,26,5,1,1,1,0,2,15,4,840.0,0.038461538461538464,0.23076923076923078,474.0406320541761,Test
Valencia CF,Midfielder,Kondogbia,1.244,19,1,0,1,0,0,7,16,1,744.0,0.05263157894736842,0.05263157894736842,598.0707395498392,Test
CD Leganés,Midfielder,Recio,1.287,18,9,0,0,0,0,2,8,0,651.0,0.0,0.5,505.82750582750583,Test
Real Madrid,Midfielder,Álvaro Fidalgo,0.0,0,0,0,0,0,0,0,0,0,0.0,0.0,0.0,0.0,Test
Valencia CF,Midfielder,Parejo,3.062,36,6,1,9,5,0,7,36,7,2.215,0.25,0.19444444444444445,0.7233834095362508,Test
Rayo Vallecano,Midfielder,Gorka,285.0,5,1,0,0,0,0,1,0,0,142.0,0.0,0.2,0.4982456140350877,Test
Levante UD,Forward,Dwamena,213.0,12,0,0,0,0,0,1,4,1,41.0,0.0,0.0,0.19248826291079812,Test
RCD Espanyol,Defender,Adrià Pedrosa,760.0,12,1,0,1,0,0,4,5,0,228.0,0.08333333333333333,0.08333333333333333,0.3,Test
Girona FC,Midfielder,Pedro Porro,2.212,32,3,0,0,0,0,2,17,4,865.0,0.0,0.09375,391.04882459312836,Test
CD Leganés,Midfielder,Óscar,2.515,31,5,0,4,0,0,2,46,3,950.0,0.12903225806451613,0.16129032258064516,377.7335984095427,Test
Rayo Vallecano,Defender,Álex Moreno,3.139,36,5,0,1,0,0,9,16,1,1.1,0.027777777777777776,0.1388888888888889,0.35043007327174264,Test
Levante UD,Midfielder,J. Morales,3.197,37,7,0,12,3,0,1,48,5,695.0,0.32432432432432434,0.1891891891891892,217.3913043478261,Test
R. Valladolid CF,Forward,Sergi Guardiola,1.544,20,0,0,3,0,0,0,37,1,357.0,0.15,0.0,231.21761658031087,Test
CD Leganés,Defender,J. Silva,2.7,30,9,0,3,0,0,2,19,6,887.0,0.1,0.3,328.5185185185185,Test
R. Valladolid CF,Forward,Duje Cop,679.0,18,2,0,0,0,0,3,12,0,169.0,0.0,0.1111111111111111,0.24889543446244478,Test
CD Leganés,Goalkeeper,Andriy Lunin,364.0,5,0,0,0,0,0,0,0,0,105.0,0.0,0.0,0.28846153846153844,Test
R. Valladolid CF,Defender,Antoñito,1.854,30,5,0,2,0,0,8,6,1,650.0,0.06666666666666667,0.16666666666666666,350.5933117583603,Test
SD Eibar,Defender,J. Calavera,1.0,1,0,0,0,0,0,0,0,0,0.0,0.0,0.0,0.0,Test
D. Alavés,Midfielder,Manu,2.325,34,6,0,1,0,1,7,24,1,933.0,0.029411764705882353,0.17647058823529413,401.2903225806451,Test
CD Leganés,Forward,Santos,552.0,16,4,0,1,0,0,1,14,3,94.0,0.0625,0.25,0.17028985507246377,Test
R. Valladolid CF,Defender,Moyano,2.106,27,3,0,0,0,0,9,5,0,714.0,0.0,0.1111111111111111,339.03133903133903,Test
Real Madrid,Goalkeeper,Navas,900.0,10,1,0,0,0,0,0,0,0,236.0,0.0,0.1,0.26222222222222225,Test
Atlético de Madrid,Defender,Filipe Luis,2.037,27,4,0,2,0,0,3,10,2,1.287,0.07407407407407407,0.14814814814814814,0.6318114874815906,Test
Villarreal CF,Midfielder,Andrei Ratiu,0.0,0,0,0,0,0,0,0,0,0,0.0,0.0,0.0,0.0,Test
FC Barcelona,Midfielder,Coutinho,2.022,34,2,0,5,0,0,2,47,2,1.388,0.14705882352941177,0.058823529411764705,0.6864490603363007,Test
Athletic Club,Goalkeeper,Hodei Oleaga,0.0,0,0,0,0,0,0,0,0,0,0.0,0.0,0.0,0.0,Test
Athletic Club,Midfielder,Nolaskoain,465.0,8,2,1,2,0,0,6,4,0,276.0,0.25,0.375,0.5935483870967742,Test
Real Madrid,Defender,Marcelo,1.841,23,6,0,2,0,0,2,27,2,1.324,0.08695652173913043,0.2608695652173913,0.7191743617599131,Test
Athletic Club,Midfielder,Unai López,325.0,7,1,0,0,0,0,3,3,0,242.0,0.0,0.14285714285714285,0.7446153846153846,Test
SD Eibar,Midfielder,Escalante,1.7819999999999998,32,6,0,4,0,0,2,16,1,756.0,0.125,0.1875,424.2424242424243,Test
R. Valladolid CF,Forward,Stiven ,36.0,2,0,0,0,0,0,0,0,0,6.0,0.0,0.0,0.16666666666666666,Test
